asset,CASH,BOND,EQUITY,ALT
CASH,0.000006,0.000028,-0.000085,-0.000037
BOND,0.000028,0.000269,-0.001040,-0.000350
EQUITY,-0.000085,-0.001040,0.031715,0.002267
ALT,-0.000037,-0.000350,0.002267,0.012667
