asset,CASH,BOND,EQUITY,ALT
CASH,0.000001,0.000012,-0.000010,0.000004
BOND,0.000012,0.000248,-0.001113,0.000255
EQUITY,-0.000010,-0.001113,0.015118,-0.000618
ALT,0.000004,0.000255,-0.000618,0.028212
