asset,CASH,BOND,EQUITY,ALT
CASH,0.000024,0.000067,-0.000099,-0.000095
BOND,0.000067,0.000402,-0.001056,-0.000302
EQUITY,-0.000099,-0.001056,0.075407,0.007554
ALT,-0.000095,-0.000302,0.007554,0.017585
