asset,CASH,BOND,EQUITY,ALT
CASH,0.000015,0.000044,-0.000057,-0.000054
BOND,0.000044,0.000328,-0.000784,-0.000111
EQUITY,-0.000057,-0.000784,0.029118,0.002697
ALT,-0.000054,-0.000111,0.002697,0.011780
