asset,CASH,BOND,EQUITY,ALT
CASH,0.000004,0.000023,0.000002,-0.000039
BOND,0.000023,0.000359,-0.000932,-0.000587
EQUITY,0.000002,-0.000932,0.031868,0.002236
ALT,-0.000039,-0.000587,0.002236,0.017932
