asset,CASH,BOND,EQUITY,ALT
CASH,0.000005,0.000027,-0.000027,-0.000054
BOND,0.000027,0.000309,-0.000799,-0.000526
EQUITY,-0.000027,-0.000799,0.030724,0.002948
ALT,-0.000054,-0.000526,0.002948,0.014645
