asset_class,mu_monthly,mu_annual
CASH,0.002325,0.027901
BOND,0.003155,0.037859
EQUITY,0.006234,0.074812
ALT,0.012482,0.14978
