asset_class,mu_monthly,mu_annual
CASH,0.002544,0.030529
BOND,0.003282,0.039378
EQUITY,0.010957,0.131479
ALT,0.008084,0.097004
