asset_class,mu_monthly,mu_annual
CASH,0.001533,0.018392
BOND,0.002752,0.033022
EQUITY,0.01536,0.184322
ALT,0.025919,0.311024
