asset_class,mu_monthly,mu_annual
CASH,0.001722,0.020664
BOND,0.003421,0.04105
EQUITY,0.007505,0.09006
ALT,0.021635,0.259618
