asset_class,mu_monthly,mu_annual
CASH,0.001882,0.022579
BOND,0.003435,0.041221
EQUITY,0.002049,0.024589
ALT,0.017192,0.206304
